{"stats":{"minecraft:picked_up":{"minecraft:wheat_seeds":2,"minecraft:gray_wool":1,"minecraft:sugar_cane":2,"minecraft:mutton":1},"minecraft:custom":{"minecraft:time_since_rest":2042,"minecraft:crouch_one_cm":22,"minecraft:play_time":2042,"minecraft:sprint_one_cm":7329,"minecraft:walk_one_cm":824,"minecraft:sneak_time":10,"minecraft:walk_under_water_one_cm":218,"minecraft:mob_kills":1,"minecraft:drop":2,"minecraft:jump":80,"minecraft:damage_dealt":165,"minecraft:leave_game":1,"minecraft:time_since_death":2042,"minecraft:walk_on_water_one_cm":669,"minecraft:total_world_time":2042,"minecraft:climb_one_cm":200,"minecraft:swim_one_cm":2319,"minecraft:fall_one_cm":2415,"minecraft:fly_one_cm":18949},"minecraft:dropped":{"minecraft:sugar_cane":2,"minecraft:wheat_seeds":2},"minecraft:mined":{"minecraft:short_grass":10,"minecraft:sugar_cane":1},"minecraft:killed":{"minecraft:sheep":1}},"DataVersion":3839}